id,first_name,last_name,email,gender
1,Kimberlyn,Lidgett,klidgett0@csmonitor.com,Non-binary
2,Marne,Rubertis,mrubertis1@typepad.com,Genderqueer
3,Cassandre,Ramm,cramm2@slashdot.org,Male
4,Louella,Huckle,lhuckle3@whitehouse.gov,Bigender
5,Frederico,Dowers,fdowers4@free.fr,Polygender
6,Idalina,Coyett,icoyett5@msn.com,Male
7,Katalin,Veregan,kveregan6@gov.uk,Polygender
8,Kris,Early,kearly7@ning.com,Agender
9,Rhea,Lowerson,rlowerson8@altervista.org,Female
10,Bentley,Browell,bbrowell9@sfgate.com,Agender
11,Gavra,Burnard,gburnarda@boston.com,Polygender
12,Dusty,Grinikhin,dgrinikhinb@gravatar.com,Bigender
13,Annecorinne,Polding,apoldingc@cbslocal.com,Genderfluid
14,Marybelle,Vankin,mvankind@psu.edu,Male
15,Konstantine,Aldridge,kaldridgee@de.vu,Polygender
16,Ferdy,Winters,fwintersf@sciencedaily.com,Bigender
17,Bartholemy,Fairbard,bfairbardg@state.tx.us,Bigender
18,Byron,Aysik,baysikh@addtoany.com,Genderqueer
19,Janaya,Olyonov,jolyonovi@cam.ac.uk,Genderqueer
20,Cristina,Dacre,cdacrej@unblog.fr,Polygender
21,Correna,Rosetti,crosettik@cisco.com,Non-binary
22,Ursa,Berthon,uberthonl@unblog.fr,Polygender
23,Pascal,Tofts,ptoftsm@ustream.tv,Bigender
24,Thadeus,Beamish,tbeamishn@arizona.edu,Non-binary
25,Marcela,Hugh,mhugho@kickstarter.com,Genderfluid
26,Moritz,Wheelton,mwheeltonp@naver.com,Bigender
27,Augie,Leggon,aleggonq@prnewswire.com,Female
28,Derrick,Pennazzi,dpennazzir@hugedomains.com,Female
29,Frasquito,Gahagan,fgahagans@theglobeandmail.com,Female
30,Goran,Feldklein,gfeldkleint@xinhuanet.com,Bigender
31,Monica,Barabich,mbarabichu@howstuffworks.com,Genderqueer
32,Findlay,Boshers,fboshersv@is.gd,Genderfluid
33,Olwen,Ogers,oogersw@mashable.com,Genderfluid
34,Eric,Simonson,esimonsonx@aol.com,Agender
35,Muhammad,Klimontovich,mklimontovichy@hud.gov,Agender
36,Annabela,Missenden,amissendenz@bravesites.com,Non-binary
37,Ameline,Ivanyushkin,aivanyushkin10@ning.com,Male
38,Elysha,Huguenet,ehuguenet11@about.com,Male
39,Reiko,Arpur,rarpur12@oracle.com,Agender
40,Shamus,Vignal,svignal13@google.com.hk,Bigender
41,Serena,Clackers,sclackers14@yahoo.co.jp,Genderfluid
42,Ricard,Canfer,rcanfer15@shop-pro.jp,Bigender
43,Salomi,Bennetto,sbennetto16@mail.ru,Male
44,Oberon,Plunket,oplunket17@mac.com,Bigender
45,Nikola,Shakshaft,nshakshaft18@state.gov,Genderfluid
46,Brendin,Barts,bbarts19@cdbaby.com,Non-binary
47,Hollyanne,O'Nowlan,honowlan1a@barnesandnoble.com,Female
48,Blane,Litherland,blitherland1b@etsy.com,Male
49,Hestia,Hedden,hhedden1c@tiny.cc,Genderfluid
50,Cristen,Baird,cbaird1d@nydailynews.com,Non-binary
51,Padgett,Reboul,preboul1e@cpanel.net,Agender
52,Melinda,Chicco,mchicco1f@cbsnews.com,Genderfluid
53,Jorry,Yearne,jyearne1g@hostgator.com,Polygender
54,Constantine,Priddie,cpriddie1h@twitter.com,Bigender
55,Adelheid,Yandell,ayandell1i@bluehost.com,Bigender
56,Christopher,Lathom,clathom1j@nhs.uk,Agender
57,Becky,Rafe,brafe1k@addtoany.com,Non-binary
58,Alexandros,Gouda,agouda1l@paypal.com,Agender
59,Hunt,Ellerton,hellerton1m@blogger.com,Non-binary
60,Mac,Welldrake,mwelldrake1n@weibo.com,Bigender
61,Jedediah,Cometti,jcometti1o@diigo.com,Non-binary
62,Dunn,Frangello,dfrangello1p@cafepress.com,Agender
63,Georgetta,Mawman,gmawman1q@jigsy.com,Female
64,Fayth,Farrey,ffarrey1r@wikispaces.com,Genderqueer
65,Emma,Strange,estrange1s@narod.ru,Female
66,Leticia,Gresham,lgresham1t@smh.com.au,Non-binary
67,Gisela,Blackleech,gblackleech1u@hatena.ne.jp,Genderfluid
68,Waldemar,Miettinen,wmiettinen1v@histats.com,Bigender
69,Jere,Adhams,jadhams1w@pagesperso-orange.fr,Non-binary
70,Baird,Salzberger,bsalzberger1x@upenn.edu,Polygender
71,Goldina,Slaney,gslaney1y@163.com,Non-binary
72,Maxim,Sturge,msturge1z@sun.com,Genderfluid
73,Clari,Van Salzberger,cvansalzberger20@netvibes.com,Genderqueer
74,Anna-maria,Telega,atelega21@prweb.com,Non-binary
75,Leigh,Radish,lradish22@sina.com.cn,Genderqueer
76,Waiter,Munkley,wmunkley23@hexun.com,Agender
77,Keefer,Curson,kcurson24@xing.com,Polygender
78,Mike,Blucher,mblucher25@cisco.com,Non-binary
79,Kienan,Coole,kcoole26@unesco.org,Bigender
80,Dulcine,Haster,dhaster27@odnoklassniki.ru,Non-binary
81,Norman,Von Der Empten,nvonderempten28@hubpages.com,Genderfluid
82,Clyde,Baldinotti,cbaldinotti29@google.pl,Male
83,Benton,Barrand,bbarrand2a@pen.io,Agender
84,Ingra,Binge,ibinge2b@google.ca,Polygender
85,Waldon,Gotthard.sf,wgotthardsf2c@mapquest.com,Genderfluid
86,Ursola,Bonnet,ubonnet2d@google.ru,Non-binary
87,Ramonda,Radbond,rradbond2e@wix.com,Bigender
88,Marys,Minkin,mminkin2f@sohu.com,Agender
89,Herta,Hurtado,hhurtado2g@diigo.com,Genderfluid
90,Horatio,Hadgkiss,hhadgkiss2h@hexun.com,Bigender
91,Irving,Chessun,ichessun2i@economist.com,Agender
92,Borg,MacRury,bmacrury2j@squarespace.com,Female
93,Farleigh,Cloughton,fcloughton2k@mit.edu,Genderfluid
94,Jessie,Ovanesian,jovanesian2l@ihg.com,Male
95,Sigvard,Goodrich,sgoodrich2m@freewebs.com,Agender
96,Panchito,de Zamora,pdezamora2n@people.com.cn,Genderqueer
97,Avrit,Scotchford,ascotchford2o@wp.com,Non-binary
98,Augie,Rantoul,arantoul2p@wikimedia.org,Agender
99,Joshua,Filipowicz,jfilipowicz2q@wp.com,Polygender
100,Anne-marie,McCarver,amccarver2r@noaa.gov,Genderfluid
101,Jillie,Ziemke,jziemke2s@illinois.edu,Genderqueer
102,Marinna,Bonny,mbonny2t@reverbnation.com,Bigender
103,Angelika,Culshaw,aculshaw2u@nationalgeographic.com,Female
104,Ardyth,Levane,alevane2v@marriott.com,Female
105,Leela,Harsnipe,lharsnipe2w@gravatar.com,Female
106,Margaret,Donaway,mdonaway2x@twitpic.com,Non-binary
107,Felita,Franey,ffraney2y@yale.edu,Bigender
108,Brew,Bannell,bbannell2z@cisco.com,Bigender
109,Ebba,Pealing,epealing30@mediafire.com,Male
110,Peder,Clew,pclew31@wiley.com,Agender
111,Leyla,Print,lprint32@cmu.edu,Genderfluid
112,Drud,Peever,dpeever33@mashable.com,Non-binary
113,Correy,Gotts,cgotts34@bbc.co.uk,Polygender
114,Manya,Faunt,mfaunt35@woothemes.com,Agender
115,Wadsworth,Chiene,wchiene36@narod.ru,Female
116,Mallory,Stourton,mstourton37@stanford.edu,Male
117,Sindee,Carnow,scarnow38@mac.com,Genderfluid
118,Albertina,Farfull,afarfull39@weather.com,Agender
119,Kaitlyn,Spare,kspare3a@pen.io,Polygender
120,Hilario,Pryce,hpryce3b@ucoz.com,Genderfluid
121,Miles,Severns,mseverns3c@springer.com,Genderqueer
122,Loretta,Murtagh,lmurtagh3d@cbslocal.com,Agender
123,Oralie,Maytom,omaytom3e@amazon.com,Genderfluid
124,Bobbie,Fogg,bfogg3f@bbb.org,Genderfluid
125,Christine,Ride,cride3g@oracle.com,Bigender
126,Meyer,Lazenbury,mlazenbury3h@cmu.edu,Bigender
127,Damien,Dibling,ddibling3i@examiner.com,Male
128,Demetris,Van Geffen,dvangeffen3j@ucla.edu,Non-binary
129,Phillipp,Musso,pmusso3k@hugedomains.com,Female
130,Lina,Farquhar,lfarquhar3l@yahoo.com,Female
131,Gunner,Picopp,gpicopp3m@europa.eu,Genderqueer
132,Amelina,Allsop,aallsop3n@nifty.com,Female
133,Shir,Ablott,sablott3o@geocities.com,Male
134,Jermain,Craighall,jcraighall3p@free.fr,Agender
135,Gerhardt,Luparti,gluparti3q@prlog.org,Genderfluid
136,Lynnell,Skehens,lskehens3r@discovery.com,Male
137,Khalil,Spellsworth,kspellsworth3s@4shared.com,Agender
138,Cello,O'Cahsedy,cocahsedy3t@over-blog.com,Non-binary
139,Codie,Wiggins,cwiggins3u@facebook.com,Non-binary
140,Vasili,Dive,vdive3v@examiner.com,Genderqueer
141,Claude,Pittem,cpittem3w@dyndns.org,Female
142,Willette,Schrader,wschrader3x@goo.ne.jp,Male
143,Cati,Aston,caston3y@opensource.org,Polygender
144,Iosep,Sperling,isperling3z@shinystat.com,Polygender
145,Truda,Netti,tnetti40@over-blog.com,Agender
146,Demetrius,Folbige,dfolbige41@yellowpages.com,Female
147,Kala,Brugmann,kbrugmann42@blogspot.com,Non-binary
148,Josi,Hannis,jhannis43@unesco.org,Genderqueer
149,Felice,Valenti,fvalenti44@nba.com,Genderfluid
150,Markos,Januszkiewicz,mjanuszkiewicz45@i2i.jp,Female
151,Berry,Fennell,bfennell46@newsvine.com,Genderqueer
152,Inger,Messier,imessier47@cbsnews.com,Female
153,Freddi,Antonognoli,fantonognoli48@addthis.com,Male
154,Meg,Baroux,mbaroux49@geocities.com,Polygender
155,Albertine,Gannon,agannon4a@zimbio.com,Genderqueer
156,Goober,Dowdall,gdowdall4b@acquirethisname.com,Genderqueer
157,Nadia,Marlin,nmarlin4c@vk.com,Agender
158,Dorice,Dauncey,ddauncey4d@ucla.edu,Female
159,Hadley,Delf,hdelf4e@example.com,Agender
160,Karen,Cutsforth,kcutsforth4f@bizjournals.com,Agender
161,Bryana,Rebeiro,brebeiro4g@github.io,Agender
162,Amos,Alloway,aalloway4h@infoseek.co.jp,Bigender
163,Claudetta,Aldie,caldie4i@psu.edu,Male
164,Vince,de Aguirre,vdeaguirre4j@census.gov,Genderqueer
165,Etti,Hamfleet,ehamfleet4k@ft.com,Female
166,Olenka,DeSousa,odesousa4l@soundcloud.com,Non-binary
167,Quentin,Paulino,qpaulino4m@youtube.com,Polygender
168,George,Cornely,gcornely4n@flavors.me,Bigender
169,Casar,Felmingham,cfelmingham4o@slideshare.net,Genderqueer
170,Emilee,McKern,emckern4p@slashdot.org,Male
171,Wilton,Gudyer,wgudyer4q@chron.com,Genderfluid
172,Jaime,Mitie,jmitie4r@goo.ne.jp,Bigender
173,Kerianne,Watkiss,kwatkiss4s@digg.com,Polygender
174,Boone,Parramore,bparramore4t@1688.com,Male
175,Doralyn,Kummerlowe,dkummerlowe4u@miibeian.gov.cn,Genderqueer
176,Yanaton,Frankish,yfrankish4v@yale.edu,Non-binary
177,Drud,Duddy,dduddy4w@bloglines.com,Male
178,Raye,Chew,rchew4x@ocn.ne.jp,Agender
179,Raquela,Hooke,rhooke4y@yahoo.com,Genderfluid
180,Robby,Whiffin,rwhiffin4z@unc.edu,Bigender
181,Elyse,Brandel,ebrandel50@google.com.hk,Polygender
182,Camille,Reddoch,creddoch51@php.net,Genderfluid
183,Keeley,Carr,kcarr52@pcworld.com,Genderfluid
184,Tammie,Storr,tstorr53@opensource.org,Male
185,Darleen,Ullett,dullett54@intel.com,Male
186,Delmore,Whiteson,dwhiteson55@gmpg.org,Genderqueer
187,Almeta,Pennetta,apennetta56@miibeian.gov.cn,Agender
188,Sandie,Master,smaster57@example.com,Non-binary
189,Marketa,Hasney,mhasney58@google.com.br,Polygender
190,Xerxes,Robillart,xrobillart59@stumbleupon.com,Polygender
191,Zacharias,Bow,zbow5a@timesonline.co.uk,Polygender
192,Alison,Creamen,acreamen5b@nifty.com,Agender
193,Matelda,Juett,mjuett5c@huffingtonpost.com,Non-binary
194,Angie,Courtliff,acourtliff5d@cornell.edu,Female
195,Averill,Bailes,abailes5e@irs.gov,Male
196,Ellen,Godsafe,egodsafe5f@de.vu,Polygender
197,Caitlin,Crayk,ccrayk5g@amazonaws.com,Agender
198,Gail,MacDermott,gmacdermott5h@mozilla.com,Genderfluid
199,Helene,Dysert,hdysert5i@nature.com,Polygender
200,Nicol,Fossord,nfossord5j@scientificamerican.com,Female
201,Derby,Swendell,dswendell5k@cdbaby.com,Genderfluid
202,Malinde,Messent,mmessent5l@howstuffworks.com,Polygender
203,Lisabeth,Morat,lmorat5m@slate.com,Male
204,Shurlocke,McCreath,smccreath5n@bizjournals.com,Bigender
205,Almire,Cosser,acosser5o@npr.org,Agender
206,Val,Haldin,vhaldin5p@icio.us,Bigender
207,Angel,Fehely,afehely5q@sfgate.com,Genderqueer
208,Park,Oakshott,poakshott5r@nyu.edu,Genderfluid
209,Patric,Doulton,pdoulton5s@amazon.de,Male
210,Bernadina,Fiddy,bfiddy5t@istockphoto.com,Genderqueer
211,Nana,Willgoss,nwillgoss5u@ucla.edu,Genderfluid
212,Florian,Bartol,fbartol5v@mlb.com,Bigender
213,Marcellina,Baines,mbaines5w@ucla.edu,Genderqueer
214,Goldarina,Grestie,ggrestie5x@eepurl.com,Genderfluid
215,Sayre,Sherrum,ssherrum5y@github.io,Genderqueer
216,Liv,Farquarson,lfarquarson5z@businessweek.com,Agender
217,Sandra,Joderli,sjoderli60@multiply.com,Genderqueer
218,Dode,Ferneley,dferneley61@booking.com,Bigender
219,Ab,Rivel,arivel62@dyndns.org,Polygender
220,Kerri,McCarrick,kmccarrick63@cnn.com,Non-binary
221,Jaimie,Malyj,jmalyj64@webs.com,Genderfluid
222,Madelena,Charville,mcharville65@wikimedia.org,Agender
223,Hebert,Adolfsen,hadolfsen66@merriam-webster.com,Agender
224,Karilynn,Edkins,kedkins67@ustream.tv,Female
225,Levon,Dark,ldark68@archive.org,Non-binary
226,Berget,Marler,bmarler69@nyu.edu,Polygender
227,Winfield,Vallantine,wvallantine6a@si.edu,Female
228,Valle,Wagnerin,vwagnerin6b@etsy.com,Male
229,Laure,Cazin,lcazin6c@zdnet.com,Genderqueer
230,Dante,Hitschke,dhitschke6d@ocn.ne.jp,Female
231,Albert,Grimsdell,agrimsdell6e@taobao.com,Female
232,Goddart,Meekings,gmeekings6f@dropbox.com,Male
233,Steffie,Gai,sgai6g@photobucket.com,Agender
234,Clerissa,Hedley,chedley6h@skyrock.com,Genderfluid
235,Fleming,Sanchiz,fsanchiz6i@nytimes.com,Genderqueer
236,Marian,Jodkowski,mjodkowski6j@slate.com,Non-binary
237,Kingsly,Stritton,kstritton6k@blinklist.com,Male
238,Goober,Clinning,gclinning6l@wsj.com,Bigender
239,Gherardo,Heape,gheape6m@exblog.jp,Agender
240,Winfield,Embery,wembery6n@people.com.cn,Female
241,Butch,Ducarne,bducarne6o@utexas.edu,Polygender
242,Stanwood,Stanford,sstanford6p@hugedomains.com,Bigender
243,Tandy,Falla,tfalla6q@bigcartel.com,Female
244,Saleem,Koppen,skoppen6r@japanpost.jp,Polygender
245,Austine,Durbyn,adurbyn6s@loc.gov,Genderqueer
246,Maren,Patey,mpatey6t@simplemachines.org,Non-binary
247,Winni,Jay,wjay6u@springer.com,Agender
248,Wilburt,Diano,wdiano6v@usatoday.com,Male
249,Laraine,Fairbeard,lfairbeard6w@washingtonpost.com,Genderqueer
250,Kayle,Gian,kgian6x@auda.org.au,Genderfluid
251,Sidnee,Briiginshaw,sbriiginshaw6y@reference.com,Polygender
252,Susanne,Mustchin,smustchin6z@dropbox.com,Agender
253,Ursa,Yushkin,uyushkin70@vimeo.com,Genderqueer
254,Joletta,Leftbridge,jleftbridge71@bigcartel.com,Agender
255,Aurelea,Rallinshaw,arallinshaw72@unblog.fr,Genderqueer
256,Chloe,Kitchaside,ckitchaside73@va.gov,Bigender
257,Marylinda,Simone,msimone74@ustream.tv,Female
258,Auguste,Sleite,asleite75@symantec.com,Genderqueer
259,Kessiah,Domengue,kdomengue76@earthlink.net,Agender
260,Cindie,Cuffin,ccuffin77@zimbio.com,Bigender
261,Dominick,Hubert,dhubert78@biglobe.ne.jp,Female
262,Mohandis,Maevela,mmaevela79@webs.com,Male
263,Joan,Stemp,jstemp7a@sbwire.com,Genderfluid
264,Clovis,Samples,csamples7b@hostgator.com,Bigender
265,Karly,Arzu,karzu7c@examiner.com,Non-binary
266,Nowell,Axell,naxell7d@opensource.org,Polygender
267,Barbey,Wolfindale,bwolfindale7e@studiopress.com,Bigender
268,Carita,Fearfull,cfearfull7f@prweb.com,Genderqueer
269,Kliment,Haselup,khaselup7g@ted.com,Genderfluid
270,Andra,Witherbed,awitherbed7h@creativecommons.org,Non-binary
271,Lauritz,Egleton,legleton7i@digg.com,Female
272,Bernice,Tubb,btubb7j@walmart.com,Female
273,Carlynn,Start,cstart7k@dyndns.org,Bigender
274,Bobinette,Scattergood,bscattergood7l@nhs.uk,Genderqueer
275,Becky,Lally,blally7m@meetup.com,Bigender
276,Ricky,MacCracken,rmaccracken7n@disqus.com,Genderqueer
277,Dame,Pfiffer,dpfiffer7o@goo.ne.jp,Genderfluid
278,Jillene,Dahmel,jdahmel7p@mapquest.com,Agender
279,Wilow,Vant,wvant7q@geocities.com,Female
280,Rebbecca,Shirlaw,rshirlaw7r@jalbum.net,Female
281,Sibyl,Illston,sillston7s@reverbnation.com,Female
282,Devan,McElwee,dmcelwee7t@elegantthemes.com,Bigender
283,Alvera,Jayne,ajayne7u@ustream.tv,Non-binary
284,Nikita,Becaris,nbecaris7v@g.co,Genderqueer
285,Wenonah,Sheen,wsheen7w@skype.com,Female
286,Clair,Redwall,credwall7x@craigslist.org,Polygender
287,Debera,Ehlerding,dehlerding7y@wiley.com,Bigender
288,Gwyn,Farland,gfarland7z@exblog.jp,Genderfluid
289,Arne,Bushe,abushe80@stanford.edu,Genderfluid
290,Pier,Whaymand,pwhaymand81@mozilla.com,Genderqueer
291,Hakim,Kleinmintz,hkleinmintz82@themeforest.net,Male
292,Prince,Inker,pinker83@hhs.gov,Male
293,Skipp,Barritt,sbarritt84@harvard.edu,Male
294,Anett,Danter,adanter85@bing.com,Male
295,Giuditta,Benge,gbenge86@google.fr,Non-binary
296,Clay,Wymer,cwymer87@google.com.au,Non-binary
297,Franzen,Stormes,fstormes88@gmpg.org,Genderqueer
298,Modesta,Stoves,mstoves89@weebly.com,Bigender
299,Brenda,Marsie,bmarsie8a@unc.edu,Non-binary
300,Flem,Luter,fluter8b@who.int,Bigender
301,Garold,Jerman,gjerman8c@wunderground.com,Male
302,Nettie,Drewe,ndrewe8d@who.int,Bigender
303,Eden,McIlherran,emcilherran8e@usnews.com,Genderfluid
304,Dew,Kemmet,dkemmet8f@w3.org,Polygender
305,Chen,McInnes,cmcinnes8g@nih.gov,Genderfluid
306,Dorisa,Schohier,dschohier8h@4shared.com,Genderfluid
307,Arthur,Degg,adegg8i@goo.gl,Female
308,Guillemette,Pennaman,gpennaman8j@networksolutions.com,Male
309,Raychel,Grayling,rgrayling8k@geocities.jp,Female
310,Doyle,Rosenau,drosenau8l@salon.com,Female
311,Florette,Bogie,fbogie8m@cpanel.net,Male
312,Marchelle,Rostern,mrostern8n@microsoft.com,Agender
313,Jania,Eley,jeley8o@salon.com,Male
314,Egon,Hindge,ehindge8p@japanpost.jp,Non-binary
315,Hirsch,Timperley,htimperley8q@prlog.org,Bigender
316,Rozina,Pash,rpash8r@is.gd,Polygender
317,Angelica,Grayer,agrayer8s@businessinsider.com,Agender
318,Danie,Rosindill,drosindill8t@nymag.com,Agender
319,Salvatore,Yitzovicz,syitzovicz8u@ebay.co.uk,Female
320,Herc,Raffan,hraffan8v@google.com.br,Agender
321,Odilia,Benedtti,obenedtti8w@cpanel.net,Non-binary
322,Svend,Darby,sdarby8x@mit.edu,Genderfluid
323,Arne,Linney,alinney8y@quantcast.com,Non-binary
324,Elfrieda,Farquhar,efarquhar8z@alexa.com,Genderqueer
325,Ethelind,Stent,estent90@ihg.com,Genderqueer
326,Annette,Giannazzi,agiannazzi91@hp.com,Non-binary
327,Elisabet,Fetherstone,efetherstone92@goo.gl,Agender
328,Vera,Kinkade,vkinkade93@hud.gov,Polygender
329,Annice,Bridgen,abridgen94@ustream.tv,Female
330,Kile,Davidove,kdavidove95@timesonline.co.uk,Bigender
331,Leontyne,Lafflin,llafflin96@foxnews.com,Polygender
332,Bernetta,Dewhirst,bdewhirst97@vinaora.com,Genderqueer
333,Francine,Buckley,fbuckley98@google.ca,Agender
334,Gerick,Luciani,gluciani99@technorati.com,Female
335,Marleah,Dunnico,mdunnico9a@mac.com,Polygender
336,Harmony,MacGrath,hmacgrath9b@hexun.com,Polygender
337,Nobe,Cottage,ncottage9c@epa.gov,Male
338,Juliann,Newbury,jnewbury9d@patch.com,Female
339,Rosemary,MacNair,rmacnair9e@indiegogo.com,Agender
340,Linn,Drakes,ldrakes9f@ftc.gov,Male
341,Lawrence,Eneas,leneas9g@nationalgeographic.com,Non-binary
342,Gustie,Narraway,gnarraway9h@rakuten.co.jp,Genderfluid
343,Noellyn,Daniellot,ndaniellot9i@sun.com,Genderqueer
344,Clarisse,Edwin,cedwin9j@nifty.com,Agender
345,Victoir,Kippins,vkippins9k@infoseek.co.jp,Agender
346,Merrili,Whitter,mwhitter9l@spotify.com,Genderfluid
347,Edeline,Monger,emonger9m@i2i.jp,Bigender
348,Ondrea,Broomhead,obroomhead9n@google.ru,Genderqueer
349,Amargo,Smallwood,asmallwood9o@nymag.com,Bigender
350,Danya,Coye,dcoye9p@pinterest.com,Polygender
351,Nickie,Guihen,nguihen9q@unesco.org,Bigender
352,Zoe,Cartmer,zcartmer9r@webmd.com,Genderqueer
353,Cleopatra,Showte,cshowte9s@ask.com,Male
354,Brook,Castrillo,bcastrillo9t@nba.com,Male
355,Wilhelmine,Schultheiss,wschultheiss9u@plala.or.jp,Genderqueer
356,Barrett,Sheffield,bsheffield9v@php.net,Non-binary
357,Issy,Brickner,ibrickner9w@usa.gov,Male
358,Bartholomeo,Nerne,bnerne9x@google.com.br,Female
359,Fredrika,Gammett,fgammett9y@gov.uk,Genderqueer
360,Melisa,Budget,mbudget9z@va.gov,Bigender
361,Clementine,Hirtz,chirtza0@ihg.com,Polygender
362,Dyanne,Storr,dstorra1@issuu.com,Bigender
363,Dacy,Hatter,dhattera2@ebay.com,Bigender
364,Rosabella,Livock,rlivocka3@nba.com,Genderfluid
365,Mufi,Garcia,mgarciaa4@zdnet.com,Male
366,Aldridge,Riveles,arivelesa5@ning.com,Bigender
367,Adolph,Shotter,ashottera6@berkeley.edu,Genderqueer
368,Sabrina,Currin,scurrina7@spotify.com,Genderqueer
369,Daloris,Mableson,dmablesona8@cnbc.com,Bigender
370,Vinni,Kilalea,vkilaleaa9@jalbum.net,Male
371,Kattie,Yule,kyuleaa@cmu.edu,Male
372,Odey,Seyffert,oseyffertab@zimbio.com,Genderqueer
373,Inesita,Besque,ibesqueac@go.com,Male
374,Mahmoud,Scothron,mscothronad@imageshack.us,Male
375,Cyndi,Lusher,clusherae@paypal.com,Non-binary
376,Demott,Lodevick,dlodevickaf@gmpg.org,Non-binary
377,Brittan,Tille,btilleag@weebly.com,Genderqueer
378,Melinda,Landis,mlandisah@ed.gov,Agender
379,Ludwig,Cudby,lcudbyai@instagram.com,Agender
380,Heda,Kleinhandler,hkleinhandleraj@alibaba.com,Genderfluid
381,Cheston,Dufer,cduferak@fema.gov,Female
382,Marieann,Lea,mleaal@w3.org,Polygender
383,Moira,D'Adda,mdaddaam@ycombinator.com,Non-binary
384,Donica,Gerhts,dgerhtsan@google.com.au,Male
385,Vivi,Dibb,vdibbao@yahoo.co.jp,Genderqueer
386,Natal,Manson,nmansonap@list-manage.com,Non-binary
387,Dorita,Tye,dtyeaq@fda.gov,Female
388,Marty,Pauer,mpauerar@china.com.cn,Female
389,Legra,Ellershaw,lellershawas@usnews.com,Non-binary
390,Tammy,Howsam,thowsamat@chron.com,Non-binary
391,Chiquita,Judkins,cjudkinsau@msn.com,Genderqueer
392,Ashly,Cree,acreeav@etsy.com,Agender
393,Veradis,Laxtonne,vlaxtonneaw@e-recht24.de,Agender
394,Cammi,Waitland,cwaitlandax@miibeian.gov.cn,Agender
395,Janene,Kindleside,jkindlesideay@1688.com,Male
396,Maritsa,Robeson,mrobesonaz@umn.edu,Genderqueer
397,Shaine,Shapiro,sshapirob0@wix.com,Female
398,Lucais,Shickle,lshickleb1@newsvine.com,Non-binary
399,Bartram,Strowlger,bstrowlgerb2@time.com,Agender
400,Jenine,Caddan,jcaddanb3@redcross.org,Agender
401,Russell,Barts,rbartsb4@google.fr,Non-binary
402,Greer,Danels,gdanelsb5@purevolume.com,Bigender
403,Flinn,Coughtrey,fcoughtreyb6@topsy.com,Non-binary
404,Pace,Birks,pbirksb7@dyndns.org,Female
405,Aldridge,Cleveley,acleveleyb8@furl.net,Agender
406,Barde,Looks,blooksb9@pcworld.com,Agender
407,Doralynn,Cheeney,dcheeneyba@nature.com,Genderqueer
408,Virge,Senten,vsentenbb@yandex.ru,Non-binary
409,Mikael,Bees,mbeesbc@mayoclinic.com,Bigender
410,Dollie,Crafts,dcraftsbd@hubpages.com,Genderfluid
411,Yetta,Cobby,ycobbybe@hugedomains.com,Polygender
412,Reuven,Morena,rmorenabf@theglobeandmail.com,Agender
413,Etta,Curado,ecuradobg@geocities.jp,Non-binary
414,Lenee,Mabe,lmabebh@example.com,Genderqueer
415,Candace,Tuting,ctutingbi@rambler.ru,Polygender
416,Mallorie,Gadesby,mgadesbybj@reuters.com,Genderqueer
417,Odella,Kester,okesterbk@hc360.com,Male
418,Dulce,Stellman,dstellmanbl@ezinearticles.com,Bigender
419,Bertram,Portwain,bportwainbm@usgs.gov,Genderqueer
420,Archambault,Glawsop,aglawsopbn@dmoz.org,Genderfluid
421,Dulci,Terne,dternebo@wisc.edu,Non-binary
422,Corissa,Gelletly,cgelletlybp@blinklist.com,Non-binary
423,Hirsch,Verni,hvernibq@baidu.com,Genderfluid
424,Kenon,Segar,ksegarbr@slashdot.org,Female
425,Camella,Drewe,cdrewebs@wunderground.com,Genderqueer
426,Jessamine,Nowick,jnowickbt@wp.com,Agender
427,Creighton,Presley,cpresleybu@bandcamp.com,Female
428,Chev,Foreman,cforemanbv@mtv.com,Genderfluid
429,Susann,D'Errico,sderricobw@marketwatch.com,Non-binary
430,Maryanna,Wharin,mwharinbx@paypal.com,Genderqueer
431,Godwin,Riep,griepby@squidoo.com,Bigender
432,Aurelie,Randalston,arandalstonbz@linkedin.com,Bigender
433,Aymer,Foffano,afoffanoc0@accuweather.com,Female
434,Dorita,Macconachy,dmacconachyc1@printfriendly.com,Polygender
435,Keane,Mustin,kmustinc2@buzzfeed.com,Agender
436,Meridith,Penni,mpennic3@squarespace.com,Female
437,Alys,Weall,aweallc4@people.com.cn,Non-binary
438,Ruperta,Kellet,rkelletc5@accuweather.com,Genderfluid
439,Dominga,Chipchase,dchipchasec6@about.me,Male
440,Lucie,Mould,lmouldc7@imageshack.us,Bigender
441,Arch,Hebblewaite,ahebblewaitec8@microsoft.com,Bigender
442,Welch,Brennand,wbrennandc9@booking.com,Female
443,Jeanie,Sextie,jsextieca@eventbrite.com,Non-binary
444,Gerrie,Froschauer,gfroschauercb@nymag.com,Non-binary
445,Arne,Wraith,awraithcc@skype.com,Non-binary
446,Kalina,Greschik,kgreschikcd@phpbb.com,Genderfluid
447,Roana,Huygen,rhuygence@rambler.ru,Polygender
448,Wait,Ivanonko,wivanonkocf@weather.com,Genderfluid
449,Lexis,St. Ledger,lstledgercg@about.me,Non-binary
450,Joanie,Fobidge,jfobidgech@webs.com,Genderqueer
451,Harrison,Greep,hgreepci@ucoz.com,Agender
452,Leland,Foucar,lfoucarcj@ucla.edu,Agender
453,Cazzie,Blaydes,cblaydesck@addthis.com,Genderqueer
454,Almeda,Coleshill,acoleshillcl@histats.com,Bigender
455,Bordy,Verralls,bverrallscm@goo.gl,Genderfluid
456,Charlie,Lutwyche,clutwychecn@harvard.edu,Polygender
457,Carola,Mateev,cmateevco@fotki.com,Agender
458,Donn,Skeete,dskeetecp@guardian.co.uk,Female
459,Britney,Kingswood,bkingswoodcq@skype.com,Polygender
460,Mira,Densham,mdenshamcr@paypal.com,Female
461,Barbe,Karlicek,bkarlicekcs@nymag.com,Genderfluid
462,Bat,Bugg,bbuggct@4shared.com,Genderqueer
463,Fields,Wallbank,fwallbankcu@linkedin.com,Bigender
464,Kelcey,Murrthum,kmurrthumcv@walmart.com,Male
465,Edy,MacNamara,emacnamaracw@homestead.com,Female
466,Angel,Fidge,afidgecx@ft.com,Genderfluid
467,Chrystel,Farnes,cfarnescy@de.vu,Polygender
468,Marylee,Baltrushaitis,mbaltrushaitiscz@over-blog.com,Genderfluid
469,Germaine,Phalip,gphalipd0@discuz.net,Genderqueer
470,Homer,Whybray,hwhybrayd1@archive.org,Polygender
471,Layne,Brake,lbraked2@taobao.com,Bigender
472,Bryce,Woolfoot,bwoolfootd3@google.cn,Genderfluid
473,Kippie,Birtles,kbirtlesd4@guardian.co.uk,Male
474,Casandra,Niaves,cniavesd5@arizona.edu,Agender
475,Buckie,Vahey,bvaheyd6@examiner.com,Genderqueer
476,Sapphira,Lyster,slysterd7@sakura.ne.jp,Genderqueer
477,Marrilee,Esposita,mespositad8@acquirethisname.com,Genderfluid
478,Giorgia,Meeron,gmeerond9@ucoz.ru,Female
479,Estell,Aylett,eaylettda@wordpress.com,Bigender
480,Gloria,Pauel,gpaueldb@com.com,Male
481,Jacintha,Trathen,jtrathendc@paypal.com,Genderqueer
482,Ange,Jaye,ajayedd@qq.com,Polygender
483,Barbette,Taberner,btabernerde@engadget.com,Polygender
484,Benji,Bernardini,bbernardinidf@nyu.edu,Bigender
485,Dominick,Gurge,dgurgedg@buzzfeed.com,Female
486,Gaylor,Alcido,galcidodh@furl.net,Bigender
487,Consuela,Rossin,crossindi@google.com.br,Bigender
488,Romain,Cramb,rcrambdj@nytimes.com,Polygender
489,Chicky,Gillson,cgillsondk@google.com.au,Genderfluid
490,Loise,Gisbey,lgisbeydl@opensource.org,Female
491,Lynna,Burgill,lburgilldm@exblog.jp,Male
492,Tore,Caslake,tcaslakedn@skype.com,Polygender
493,Linn,Annon,lannondo@ask.com,Polygender
494,Wynn,Batcheldor,wbatcheldordp@dropbox.com,Female
495,Isa,Fripps,ifrippsdq@mtv.com,Non-binary
496,Barbee,Lodewick,blodewickdr@google.com.hk,Non-binary
497,Kellina,Winstanley,kwinstanleyds@pbs.org,Bigender
498,Gusella,Marples,gmarplesdt@pagesperso-orange.fr,Non-binary
499,Radcliffe,Ollin,rollindu@gizmodo.com,Male
500,Antone,Skinn,askinndv@booking.com,Male
501,Jania,Armin,jarmindw@storify.com,Genderfluid
502,Tanner,Doree,tdoreedx@mayoclinic.com,Genderqueer
503,Bradly,Slany,bslanydy@shop-pro.jp,Bigender
504,Bentlee,Ezele,bezeledz@zdnet.com,Genderfluid
505,Magda,Braiden,mbraidene0@cnbc.com,Agender
506,Tally,Bellchamber,tbellchambere1@jigsy.com,Non-binary
507,Aldon,Hill,ahille2@alibaba.com,Bigender
508,Alfonse,Thay,athaye3@blinklist.com,Female
509,Matt,Friman,mfrimane4@twitpic.com,Bigender
510,Cristal,Pankhurst.,cpankhurste5@purevolume.com,Polygender
511,Petronella,Dechelle,pdechellee6@shutterfly.com,Female
512,Chadwick,Orpen,corpene7@latimes.com,Female
513,Anthia,Severns,asevernse8@whitehouse.gov,Genderqueer
514,Elga,Merigot,emerigote9@parallels.com,Genderfluid
515,Ania,Edgeon,aedgeonea@istockphoto.com,Genderqueer
516,Susi,Babin,sbabineb@nydailynews.com,Polygender
517,Ester,Ferney,eferneyec@sbwire.com,Polygender
518,Lalo,Cooch,lcooched@va.gov,Agender
519,Charlena,Terrazzo,cterrazzoee@cafepress.com,Polygender
520,Raynor,Lydon,rlydonef@patch.com,Female
521,Krishna,Tidy,ktidyeg@wikia.com,Agender
522,Tate,Awde,tawdeeh@mit.edu,Agender
523,Nikolia,Swinnard,nswinnardei@samsung.com,Polygender
524,Abeu,Trenfield,atrenfieldej@si.edu,Genderqueer
525,Aurore,Tidbald,atidbaldek@dmoz.org,Genderqueer
526,Caritta,Bloys,cbloysel@arstechnica.com,Polygender
527,Carin,Lages,clagesem@github.com,Agender
528,Job,Carrel,jcarrelen@earthlink.net,Female
529,Drud,Laye,dlayeeo@bravesites.com,Genderfluid
530,Jenny,Barter,jbarterep@jiathis.com,Non-binary
531,Victoria,Earey,veareyeq@hp.com,Bigender
532,Levey,Casazza,lcasazzaer@wordpress.org,Non-binary
533,Laurene,Garrique,lgarriquees@dedecms.com,Non-binary
534,Revkah,Stickley,rstickleyet@imageshack.us,Polygender
535,Shurwood,Rizzolo,srizzoloeu@mayoclinic.com,Agender
536,Rosabelle,Riccione,rriccioneev@telegraph.co.uk,Male
537,Reuben,Ruler,rrulerew@guardian.co.uk,Genderqueer
538,Thoma,Titta,ttittaex@yolasite.com,Non-binary
539,Free,Boulton,fboultoney@apache.org,Genderfluid
540,Demeter,Brugman,dbrugmanez@netlog.com,Genderqueer
541,Valli,Dorr,vdorrf0@nsw.gov.au,Genderfluid
542,Devora,Sircomb,dsircombf1@dell.com,Agender
543,Kippar,Liddard,kliddardf2@joomla.org,Female
544,Teodor,Halley,thalleyf3@discuz.net,Agender
545,Ardeen,Huckabe,ahuckabef4@nyu.edu,Agender
546,Babita,Harpham,bharphamf5@list-manage.com,Non-binary
547,Theadora,Newborn,tnewbornf6@ocn.ne.jp,Polygender
548,Clerc,McGarahan,cmcgarahanf7@tripod.com,Genderfluid
549,Darren,Kinder,dkinderf8@ycombinator.com,Genderfluid
550,Magda,Risbridge,mrisbridgef9@privacy.gov.au,Female
551,Riccardo,Nathon,rnathonfa@tinyurl.com,Genderqueer
552,Kiley,Cuffin,kcuffinfb@is.gd,Male
553,Peterus,Nix,pnixfc@nifty.com,Male
554,Boony,Abley,bableyfd@answers.com,Agender
555,Frederique,Heakins,fheakinsfe@gizmodo.com,Polygender
556,Xenos,Abramof,xabramofff@addtoany.com,Male
557,Chev,Hakonsson,chakonssonfg@economist.com,Agender
558,Ronnica,McGrorty,rmcgrortyfh@google.cn,Genderfluid
559,Elayne,Pickard,epickardfi@fotki.com,Non-binary
560,Balduin,McAulay,bmcaulayfj@mtv.com,Agender
561,Ingeborg,Partkya,ipartkyafk@yellowpages.com,Female
562,Rad,Moynihan,rmoynihanfl@geocities.jp,Non-binary
563,Agnola,Sutherns,asuthernsfm@liveinternet.ru,Bigender
564,Stacey,Dedam,sdedamfn@gmpg.org,Non-binary
565,Tadeas,Fairnie,tfairniefo@kickstarter.com,Male
566,Hewet,Robottom,hrobottomfp@feedburner.com,Female
567,Irvin,Merchant,imerchantfq@eepurl.com,Genderqueer
568,Ari,Biscomb,abiscombfr@gov.uk,Male
569,Elbert,Benedict,ebenedictfs@statcounter.com,Non-binary
570,Gail,Mucklo,gmuckloft@about.me,Non-binary
571,Gretal,Glowacz,gglowaczfu@virginia.edu,Female
572,Alexandrina,Hurring,ahurringfv@yahoo.co.jp,Male
573,Dulcea,Slaight,dslaightfw@imdb.com,Female
574,Darbie,Orrocks,dorrocksfx@timesonline.co.uk,Agender
575,Norean,Rawsthorne,nrawsthornefy@oracle.com,Agender
576,Heywood,Ibarra,hibarrafz@marriott.com,Bigender
577,Appolonia,Kinze,akinzeg0@biglobe.ne.jp,Polygender
578,Antonetta,Inston,ainstong1@telegraph.co.uk,Non-binary
579,Elke,Duckitt,educkittg2@theglobeandmail.com,Genderqueer
580,Jeana,Sheere,jsheereg3@blog.com,Genderqueer
581,Dode,Swindles,dswindlesg4@umich.edu,Female
582,Kalie,Morfell,kmorfellg5@ibm.com,Polygender
583,Anton,Bruford,abrufordg6@ucoz.com,Genderqueer
584,Lilla,Rookes,lrookesg7@geocities.jp,Female
585,Janka,Sherburn,jsherburng8@admin.ch,Female
586,Clem,Burl,cburlg9@wunderground.com,Male
587,Paulie,Booton,pbootonga@marriott.com,Polygender
588,Merna,Bigham,mbighamgb@dion.ne.jp,Female
589,Marika,Partleton,mpartletongc@senate.gov,Genderqueer
590,Ingar,Stening,isteninggd@apple.com,Bigender
591,Lonni,Le Provest,lleprovestge@de.vu,Male
592,Pepe,Danniel,pdannielgf@artisteer.com,Polygender
593,Dolly,Leibold,dleiboldgg@biblegateway.com,Female
594,Allison,Borrington,aborringtongh@dot.gov,Male
595,Vally,Abelovitz,vabelovitzgi@umich.edu,Agender
596,Horace,Pawelski,hpawelskigj@mediafire.com,Genderfluid
597,Webster,Smidmore,wsmidmoregk@google.fr,Non-binary
598,Bank,Gott,bgottgl@tripod.com,Polygender
599,Alford,Crackel,acrackelgm@phpbb.com,Genderqueer
600,Pincas,Silcock,psilcockgn@weather.com,Non-binary
601,Leeanne,Gyorffy,lgyorffygo@friendfeed.com,Female
602,Beck,Noades,bnoadesgp@a8.net,Genderfluid
603,Olvan,Joret,ojoretgq@storify.com,Male
604,Emilie,Fischer,efischergr@tripadvisor.com,Polygender
605,Granny,Scrivin,gscrivings@walmart.com,Non-binary
606,Beilul,Patifield,bpatifieldgt@i2i.jp,Male
607,Latisha,Godbald,lgodbaldgu@un.org,Polygender
608,Matthaeus,Wilsey,mwilseygv@arizona.edu,Polygender
609,Clarke,Samper,csampergw@fema.gov,Non-binary
610,Christen,Exrol,cexrolgx@multiply.com,Non-binary
611,Sherry,Bassom,sbassomgy@comsenz.com,Agender
612,Jillie,Reimer,jreimergz@wp.com,Female
613,Spencer,Platts,splattsh0@nationalgeographic.com,Polygender
614,Melicent,Abram,mabramh1@opensource.org,Genderqueer
615,Papageno,Matkin,pmatkinh2@webeden.co.uk,Genderqueer
616,Emelyne,Westhofer,ewesthoferh3@cbslocal.com,Male
617,Vivia,Catto,vcattoh4@icio.us,Agender
618,Modesty,Janz,mjanzh5@sina.com.cn,Genderfluid
619,Sergei,Woolerton,swoolertonh6@furl.net,Female
620,Philbert,Culpin,pculpinh7@prlog.org,Bigender
621,Marjy,Gatchell,mgatchellh8@patch.com,Genderqueer
622,Lurlene,Evetts,levettsh9@jalbum.net,Genderfluid
623,Brooke,Hasnney,bhasnneyha@amazon.co.uk,Non-binary
624,Nerte,Macrow,nmacrowhb@reuters.com,Genderqueer
625,Englebert,Robilart,erobilarthc@wordpress.com,Genderqueer
626,Nadya,De Ferraris,ndeferrarishd@about.me,Agender
627,Ethelred,Franc,efranche@google.ru,Polygender
628,Mary,Kivell,mkivellhf@cdbaby.com,Male
629,Debby,Really,dreallyhg@linkedin.com,Male
630,Ferne,Miere,fmierehh@naver.com,Bigender
631,Rafe,Flieger,rfliegerhi@yale.edu,Polygender
632,Lise,Dimsdale,ldimsdalehj@digg.com,Genderfluid
633,Sigismond,Djorvic,sdjorvichk@vimeo.com,Agender
634,Charlean,Janousek,cjanousekhl@marriott.com,Genderfluid
635,Carl,Stubbings,cstubbingshm@linkedin.com,Female
636,Grethel,Glennie,gglenniehn@mit.edu,Female
637,Daisy,Scud,dscudho@newsvine.com,Non-binary
638,Clemmy,MacKenzie,cmackenziehp@wordpress.com,Non-binary
639,Laurie,Marde,lmardehq@nbcnews.com,Genderfluid
640,Arleyne,Ranvoise,aranvoisehr@cnn.com,Genderfluid
641,Devi,Taylder,dtaylderhs@ihg.com,Agender
642,Betty,Easterling,beasterlinght@google.com,Agender
643,Dolores,Dan,ddanhu@cisco.com,Polygender
644,Dela,Berthelmot,dberthelmothv@printfriendly.com,Genderqueer
645,Bart,Dorran,bdorranhw@google.it,Bigender
646,Burl,Varrow,bvarrowhx@networksolutions.com,Genderqueer
647,Ginelle,Cornes,gcorneshy@answers.com,Polygender
648,Nathan,Jenkinson,njenkinsonhz@uiuc.edu,Polygender
649,Ricard,Blundell,rblundelli0@wix.com,Genderqueer
650,Ilse,Castiglioni,icastiglionii1@omniture.com,Non-binary
651,Brok,Spadeck,bspadecki2@oakley.com,Polygender
652,Wynny,Dalling,wdallingi3@patch.com,Female
653,Giusto,Matashkin,gmatashkini4@aboutads.info,Genderqueer
654,Innis,Ligerton,iligertoni5@t-online.de,Female
655,Madlen,Johansen,mjohanseni6@tuttocitta.it,Non-binary
656,Emmott,Lockton,elocktoni7@hhs.gov,Polygender
657,Caritta,Wahlberg,cwahlbergi8@tamu.edu,Non-binary
658,Robinette,Butterley,rbutterleyi9@vk.com,Bigender
659,Darbie,Noblett,dnoblettia@infoseek.co.jp,Female
660,Felicdad,Grane,fgraneib@cpanel.net,Male
661,Jelene,Desmond,jdesmondic@digg.com,Bigender
662,Eadie,Gosse,egosseid@bloglines.com,Genderfluid
663,Selby,Lechmere,slechmereie@hibu.com,Bigender
664,Johnath,Challenger,jchallengerif@cisco.com,Male
665,Grete,Dowdall,gdowdallig@etsy.com,Genderfluid
666,Glennie,Cottu,gcottuih@globo.com,Male
667,Stanton,Quesne,squesneii@naver.com,Polygender
668,Hildagarde,Sellwood,hsellwoodij@techcrunch.com,Genderqueer
669,Ansel,Naulls,anaullsik@house.gov,Genderqueer
670,Janeczka,Naulls,jnaullsil@foxnews.com,Genderqueer
671,Willard,Jenkerson,wjenkersonim@skype.com,Genderfluid
672,Winthrop,Ribeiro,wribeiroin@xing.com,Agender
673,Annabela,Roxburgh,aroxburghio@moonfruit.com,Genderfluid
674,Garrott,Byass,gbyassip@usatoday.com,Genderfluid
675,Keenan,Goodred,kgoodrediq@myspace.com,Agender
676,Simona,Fantin,sfantinir@nba.com,Female
677,Emmery,Tangye,etangyeis@sciencedaily.com,Polygender
678,Gabie,Giroldi,ggiroldiit@yelp.com,Bigender
679,Corene,Vakhlov,cvakhloviu@abc.net.au,Female
680,Annora,Duplock,aduplockiv@weebly.com,Female
681,Erina,Leipnik,eleipnikiw@uiuc.edu,Genderfluid
682,Beatrice,Deetlof,bdeetlofix@prlog.org,Bigender
683,Jacqui,Rheaume,jrheaumeiy@arizona.edu,Genderfluid
684,Maridel,Killoran,mkilloraniz@tiny.cc,Male
685,Emogene,Oakenfall,eoakenfallj0@instagram.com,Genderqueer
686,Celestia,Tonkinson,ctonkinsonj1@nba.com,Male
687,Carlo,Furmston,cfurmstonj2@psu.edu,Non-binary
688,Adam,Sabberton,asabbertonj3@discovery.com,Bigender
689,Ryley,Rabjohn,rrabjohnj4@devhub.com,Genderfluid
690,Sosanna,Vance,svancej5@sun.com,Agender
691,Malena,Bayliss,mbaylissj6@bravesites.com,Non-binary
692,Gan,Blomfield,gblomfieldj7@zdnet.com,Agender
693,Marrilee,Groocock,mgroocockj8@taobao.com,Polygender
694,Filip,Leathlay,fleathlayj9@cyberchimps.com,Male
695,Adel,Finlry,afinlryja@dot.gov,Genderfluid
696,Maude,Somerset,msomersetjb@meetup.com,Female
697,Clarissa,Winckles,cwincklesjc@dell.com,Genderqueer
698,Chelsea,Hassen,chassenjd@ft.com,Male
699,Jarrad,Hendrickson,jhendricksonje@mapy.cz,Bigender
700,Carry,Blackhall,cblackhalljf@ebay.com,Agender
701,Alano,O'Shiels,aoshielsjg@utexas.edu,Genderqueer
702,Karoly,Brittlebank,kbrittlebankjh@ucoz.com,Female
703,Gerry,Flook,gflookji@timesonline.co.uk,Bigender
704,Chickie,Jakubovics,cjakubovicsjj@slashdot.org,Non-binary
705,Julissa,Strutt,jstruttjk@soundcloud.com,Genderfluid
706,Merrilee,Hawtry,mhawtryjl@mozilla.com,Polygender
707,Nerissa,Mobberley,nmobberleyjm@people.com.cn,Bigender
708,Jareb,Sobey,jsobeyjn@shinystat.com,Non-binary
709,Augustus,Goolding,agooldingjo@answers.com,Non-binary
710,Syman,Boyles,sboylesjp@columbia.edu,Male
711,Boyd,Keitch,bkeitchjq@symantec.com,Genderfluid
712,Kasey,Wollard,kwollardjr@spotify.com,Non-binary
713,Lorita,Lamb-shine,llambshinejs@stumbleupon.com,Bigender
714,Felicle,Prugel,fprugeljt@va.gov,Non-binary
715,Winifred,Hamal,whamalju@discovery.com,Male
716,Gilles,Rentoll,grentolljv@godaddy.com,Male
717,Ezra,Matura,ematurajw@amazon.co.uk,Bigender
718,Kiley,Joselovitch,kjoselovitchjx@nasa.gov,Male
719,Lurleen,Checcuzzi,lcheccuzzijy@nasa.gov,Bigender
720,Doyle,Tomadoni,dtomadonijz@columbia.edu,Bigender
721,Bradan,Falco,bfalcok0@hao123.com,Female
722,Margarita,Adne,madnek1@mashable.com,Polygender
723,Almira,Kemmis,akemmisk2@networksolutions.com,Bigender
724,Lory,Lynock,llynockk3@gnu.org,Agender
725,Gwenette,Tukely,gtukelyk4@yale.edu,Male
726,Fergus,Glastonbury,fglastonburyk5@ebay.com,Agender
727,Madelle,Heibel,mheibelk6@xinhuanet.com,Genderqueer
728,Saloma,Kinnerley,skinnerleyk7@alexa.com,Non-binary
729,Donni,Skingle,dskinglek8@earthlink.net,Female
730,Tore,Oran,torank9@princeton.edu,Non-binary
731,Chandal,ducarme,cducarmeka@weibo.com,Female
732,Lizbeth,Assante,lassantekb@loc.gov,Genderfluid
733,Modesty,Saberton,msabertonkc@telegraph.co.uk,Polygender
734,Lothaire,Arnaud,larnaudkd@geocities.com,Genderfluid
735,Linea,Blinco,lblincoke@economist.com,Non-binary
736,Fremont,Sandels,fsandelskf@wsj.com,Polygender
737,Cammi,Sutcliff,csutcliffkg@imgur.com,Male
738,Anya,Biasini,abiasinikh@studiopress.com,Agender
739,Valentine,Henmarsh,vhenmarshki@cargocollective.com,Non-binary
740,Maurene,Earry,mearrykj@usgs.gov,Female
741,Dorris,Flowers,dflowerskk@washingtonpost.com,Male
742,Foster,Robus,frobuskl@stanford.edu,Non-binary
743,Sandy,Scala,sscalakm@yolasite.com,Non-binary
744,Rodie,Linkleter,rlinkleterkn@delicious.com,Polygender
745,Joyce,Lyndon,jlyndonko@networksolutions.com,Non-binary
746,Dita,Curl,dcurlkp@1und1.de,Bigender
747,Lesli,Gioani,lgioanikq@msn.com,Genderqueer
748,Bee,Strugnell,bstrugnellkr@mediafire.com,Male
749,Beilul,Mart,bmartks@so-net.ne.jp,Polygender
750,Genny,Grimbaldeston,ggrimbaldestonkt@imdb.com,Genderqueer
751,Marketa,Antao,mantaoku@independent.co.uk,Agender
752,Gerti,Dayborne,gdaybornekv@51.la,Agender
753,Kayla,Greenham,kgreenhamkw@ibm.com,Genderfluid
754,Camille,Cave,ccavekx@google.fr,Female
755,Cally,Rockingham,crockinghamky@ebay.com,Polygender
756,Asa,Carpenter,acarpenterkz@bbb.org,Genderfluid
757,Dewitt,Janaszewski,djanaszewskil0@weather.com,Genderqueer
758,Ethelind,Gristwood,egristwoodl1@wisc.edu,Genderqueer
759,Karine,MacLure,kmaclurel2@reuters.com,Bigender
760,Gannie,Weddeburn - Scrimgeour,gweddeburnscrimgeourl3@parallels.com,Genderqueer
761,Tracey,Hunsworth,thunsworthl4@uiuc.edu,Genderqueer
762,Britte,Mawson,bmawsonl5@fda.gov,Genderfluid
763,Rufus,Scotsbrook,rscotsbrookl6@who.int,Genderqueer
764,Shelley,Danihel,sdanihell7@foxnews.com,Polygender
765,Niel,Dugood,ndugoodl8@usgs.gov,Agender
766,Tammy,Jantot,tjantotl9@linkedin.com,Bigender
767,Seka,Seabrooke,sseabrookela@marriott.com,Female
768,Shelley,Jeays,sjeayslb@jimdo.com,Male
769,Morten,Yeates,myeateslc@arstechnica.com,Polygender
770,Ernst,Abbets,eabbetsld@mlb.com,Bigender
771,Carmencita,Plover,cploverle@irs.gov,Bigender
772,Bastien,Sibille,bsibillelf@fastcompany.com,Non-binary
773,Ashely,Gloyens,agloyenslg@amazon.co.jp,Male
774,Aggi,McLarnon,amclarnonlh@jalbum.net,Non-binary
775,Cristabel,Steeples,csteeplesli@istockphoto.com,Female
776,Barrett,Moreno,bmorenolj@surveymonkey.com,Genderqueer
777,Seymour,Cutteridge,scutteridgelk@foxnews.com,Genderfluid
778,Val,Fance,vfancell@t-online.de,Agender
779,Chaddie,Lakeman,clakemanlm@simplemachines.org,Genderqueer
780,Cam,Gooch,cgoochln@google.es,Male
781,Travus,Hollidge,thollidgelo@networkadvertising.org,Male
782,Fremont,Slot,fslotlp@geocities.jp,Agender
783,Deck,Gerriets,dgerrietslq@who.int,Male
784,Inesita,Yateman,iyatemanlr@reddit.com,Male
785,Rad,Kemmons,rkemmonsls@google.fr,Bigender
786,Ingeborg,Attenborrow,iattenborrowlt@time.com,Agender
787,Mariejeanne,Ebourne,mebournelu@istockphoto.com,Agender
788,Kissiah,Kubis,kkubislv@smugmug.com,Polygender
789,Flossie,Nesey,fneseylw@noaa.gov,Genderfluid
790,Eleonora,Crust,ecrustlx@businessinsider.com,Genderqueer
791,Deanna,Scotchford,dscotchfordly@msn.com,Polygender
792,Wilhelmine,Langston,wlangstonlz@blogger.com,Agender
793,Holly-anne,Cowlin,hcowlinm0@un.org,Non-binary
794,Mason,Musgrove,mmusgrovem1@chicagotribune.com,Genderfluid
795,Dillie,Jirak,djirakm2@hibu.com,Agender
796,Charla,Schleswig-Holstein,cschleswigholsteinm3@github.com,Genderfluid
797,Jordon,Bakster,jbaksterm4@altervista.org,Genderfluid
798,Arny,Milnthorpe,amilnthorpem5@wix.com,Polygender
799,Otho,Raithbie,oraithbiem6@springer.com,Bigender
800,Dawn,Playden,dplaydenm7@hp.com,Agender
801,Laurice,Aldwich,laldwichm8@yale.edu,Genderqueer
802,Marcos,Pirozzi,mpirozzim9@flavors.me,Genderfluid
803,Nanon,Climance,nclimancema@amazon.co.uk,Agender
804,Winnifred,Lammers,wlammersmb@about.me,Bigender
805,Tallie,Jakubovics,tjakubovicsmc@redcross.org,Bigender
806,Pierrette,Goding,pgodingmd@redcross.org,Genderfluid
807,Nicolea,Jelkes,njelkesme@pbs.org,Male
808,Zak,Loffhead,zloffheadmf@geocities.jp,Polygender
809,Davis,Tunaclift,dtunacliftmg@howstuffworks.com,Agender
810,Fraser,Caddock,fcaddockmh@1688.com,Male
811,Pippy,Menghi,pmenghimi@accuweather.com,Bigender
812,Murial,Bushell,mbushellmj@multiply.com,Genderfluid
813,Drusy,Gerhts,dgerhtsmk@ucoz.com,Bigender
814,Giorgia,Leavey,gleaveyml@earthlink.net,Female
815,Ilario,Burdikin,iburdikinmm@amazon.de,Agender
816,Ansel,Weine,aweinemn@cam.ac.uk,Bigender
817,Miller,Blesli,mbleslimo@nba.com,Genderfluid
818,Dyan,Traske,dtraskemp@angelfire.com,Bigender
819,Hynda,Vasilischev,hvasilischevmq@soundcloud.com,Genderqueer
820,Marti,Myner,mmynermr@livejournal.com,Non-binary
821,Ami,Baylis,abaylisms@cyberchimps.com,Male
822,Kerrin,Beazleigh,kbeazleighmt@opensource.org,Agender
823,Rebbecca,Huyhton,rhuyhtonmu@1und1.de,Female
824,Clem,Utley,cutleymv@loc.gov,Agender
825,Bobby,Blenkhorn,bblenkhornmw@sina.com.cn,Genderqueer
826,Carolus,Dunbobbin,cdunbobbinmx@etsy.com,Polygender
827,Doralin,Matantsev,dmatantsevmy@jalbum.net,Male
828,Camey,Vasilchikov,cvasilchikovmz@hhs.gov,Polygender
829,Kenn,Giamo,kgiamon0@buzzfeed.com,Agender
830,Thaine,Bloxham,tbloxhamn1@shareasale.com,Female
831,Kristy,Desport,kdesportn2@cnn.com,Genderfluid
832,Rosalie,Peagrim,rpeagrimn3@a8.net,Polygender
833,Dewie,Davydychev,ddavydychevn4@mac.com,Non-binary
834,Elenore,McTrustey,emctrusteyn5@kickstarter.com,Polygender
835,Jerrylee,Farlane,jfarlanen6@ehow.com,Agender
836,Ede,Orrell,eorrelln7@merriam-webster.com,Non-binary
837,Gael,Denerley,gdenerleyn8@independent.co.uk,Polygender
838,George,Latty,glattyn9@umn.edu,Polygender
839,Tedd,Castanaga,tcastanagana@hud.gov,Non-binary
840,Elka,Caw,ecawnb@bbc.co.uk,Genderfluid
841,Chad,Cumming,ccummingnc@acquirethisname.com,Agender
842,Suki,Escott,sescottnd@wix.com,Male
843,Christy,Burberry,cburberryne@ehow.com,Agender
844,Susanne,Palliser,spallisernf@hexun.com,Genderfluid
845,Erna,Corlett,ecorlettng@va.gov,Bigender
846,Ara,Krelle,akrellenh@blogger.com,Genderfluid
847,Thom,Finlayson,tfinlaysonni@pagesperso-orange.fr,Bigender
848,Ardelia,Hardan,ahardannj@blogtalkradio.com,Female
849,Brandy,Monro,bmonronk@amazon.com,Female
850,Dudley,Muzzini,dmuzzininl@tinypic.com,Genderqueer
851,Weylin,O'Scully,woscullynm@aboutads.info,Female
852,Henriette,Schultes,hschultesnn@barnesandnoble.com,Polygender
853,Moshe,Mattiacci,mmattiaccino@cmu.edu,Agender
854,Dorice,Harriman,dharrimannp@xrea.com,Bigender
855,Arlinda,Stubbin,astubbinnq@cbc.ca,Agender
856,Kane,Henri,khenrinr@ftc.gov,Male
857,Gratiana,Blayd,gblaydns@theglobeandmail.com,Bigender
858,Adriane,Grzelczyk,agrzelczyknt@psu.edu,Male
859,Josie,Murray,jmurraynu@dyndns.org,Genderfluid
860,Delaney,Sanney,dsanneynv@reuters.com,Polygender
861,Noach,Halso,nhalsonw@bizjournals.com,Genderfluid
862,Iggie,Cramp,icrampnx@shareasale.com,Genderqueer
863,Sally,Witt,swittny@mozilla.com,Genderqueer
864,Irina,Staunton,istauntonnz@naver.com,Female
865,Adda,Ceillier,aceilliero0@sina.com.cn,Female
866,Rubia,Gayter,rgaytero1@yolasite.com,Bigender
867,Kay,Bawme,kbawmeo2@google.com.au,Male
868,Janeen,Maystone,jmaystoneo3@springer.com,Genderqueer
869,Gale,Cursey,gcurseyo4@blogger.com,Bigender
870,Dani,Rolph,drolpho5@hao123.com,Agender
871,Fran,Nevet,fneveto6@google.com.au,Polygender
872,Nancee,Roughsedge,nroughsedgeo7@geocities.com,Non-binary
873,Tobin,Mantrup,tmantrupo8@engadget.com,Male
874,Amie,Summerside,asummersideo9@redcross.org,Agender
875,Hermione,Oran,horanoa@newsvine.com,Polygender
876,Vale,Collinette,vcollinetteob@zimbio.com,Genderfluid
877,Terrance,Cancelier,tcancelieroc@ft.com,Male
878,Minta,Raddan,mraddanod@technorati.com,Bigender
879,Maurie,Chittey,mchitteyoe@uiuc.edu,Agender
880,Lind,Rubinovici,lrubinoviciof@deliciousdays.com,Agender
881,Rustie,Garrold,rgarroldog@ucoz.ru,Non-binary
882,Karie,Ivoshin,kivoshinoh@jiathis.com,Male
883,Susann,Dunkley,sdunkleyoi@utexas.edu,Genderqueer
884,Leicester,Dellit,ldellitoj@artisteer.com,Agender
885,Dalis,Band,dbandok@yelp.com,Agender
886,Dexter,Coulling,dcoullingol@webs.com,Female
887,Kristian,Longshaw,klongshawom@example.com,Agender
888,Maxie,Seville,msevilleon@wsj.com,Bigender
889,Kendrick,Vasyushkhin,kvasyushkhinoo@seattletimes.com,Male
890,Gerri,Oliva,golivaop@google.ru,Bigender
891,Augustine,Chomicz,achomiczoq@linkedin.com,Bigender
892,Sacha,Gulliver,sgulliveror@howstuffworks.com,Female
893,Odella,Hassell,ohassellos@typepad.com,Bigender
894,Sibley,Grimme,sgrimmeot@nymag.com,Genderqueer
895,Martainn,Metcalf,mmetcalfou@weebly.com,Non-binary
896,Gerik,Keay,gkeayov@cpanel.net,Agender
897,Diego,Ranshaw,dranshawow@wiley.com,Agender
898,Fred,Arthur,farthurox@microsoft.com,Genderfluid
899,Dorie,Acomb,dacomboy@wix.com,Non-binary
900,Pru,Brundale,pbrundaleoz@networksolutions.com,Male
901,Daisie,Lilion,dlilionp0@so-net.ne.jp,Genderqueer
902,Fancy,Elstow,felstowp1@phpbb.com,Genderqueer
903,Wanids,Gibard,wgibardp2@yellowbook.com,Female
904,Dix,Dulanty,ddulantyp3@infoseek.co.jp,Genderfluid
905,Adey,Rubens,arubensp4@ask.com,Bigender
906,Frankie,Stocken,fstockenp5@sun.com,Agender
907,Brianne,Dessant,bdessantp6@comcast.net,Female
908,Esta,Wontner,ewontnerp7@jimdo.com,Polygender
909,Deborah,Allsebrook,dallsebrookp8@elpais.com,Genderqueer
910,Padgett,Gauch,pgauchp9@smugmug.com,Genderqueer
911,Werner,Essery,wesserypa@reddit.com,Agender
912,Kary,Gilbert,kgilbertpb@wufoo.com,Agender
913,Lesya,Burgise,lburgisepc@abc.net.au,Non-binary
914,Marketa,Reek,mreekpd@wunderground.com,Genderfluid
915,Sonya,Blackey,sblackeype@cdbaby.com,Female
916,Edmund,Cobby,ecobbypf@eepurl.com,Genderqueer
917,Ada,Lauret,alauretpg@istockphoto.com,Agender
918,Quincy,Penhallurick,qpenhallurickph@cnet.com,Non-binary
919,Willa,Horley,whorleypi@washington.edu,Bigender
920,Natty,Diddams,ndiddamspj@ebay.com,Genderqueer
921,Ardelia,Pioch,apiochpk@google.ca,Agender
922,Renata,Masterson,rmastersonpl@mayoclinic.com,Genderfluid
923,Rosalyn,Ambrogetti,rambrogettipm@goodreads.com,Polygender
924,Brantley,Yakuntzov,byakuntzovpn@nifty.com,Male
925,Thea,Luckcuck,tluckcuckpo@hhs.gov,Polygender
926,Bianca,Penddreth,bpenddrethpp@omniture.com,Non-binary
927,Karney,Kamiyama,kkamiyamapq@imgur.com,Agender
928,Renae,Riall,rriallpr@paginegialle.it,Genderqueer
929,Judi,Gideon,jgideonps@flickr.com,Genderqueer
930,Audrey,Josum,ajosumpt@weibo.com,Female
931,Velvet,Ivermee,vivermeepu@forbes.com,Polygender
932,Hailee,Horrigan,hhorriganpv@businessweek.com,Female
933,Gabbie,Tampen,gtampenpw@opensource.org,Non-binary
934,Alicea,Ferbrache,aferbrachepx@hubpages.com,Polygender
935,Otto,Bickerstaffe,obickerstaffepy@time.com,Genderqueer
936,Candice,Beining,cbeiningpz@shutterfly.com,Bigender
937,Titus,MacLaig,tmaclaigq0@tripadvisor.com,Agender
938,Clara,Eat,ceatq1@php.net,Polygender
939,Diann,Ramelet,drameletq2@mit.edu,Genderqueer
940,Amos,Laurenzi,alaurenziq3@harvard.edu,Agender
941,Kata,Peacher,kpeacherq4@forbes.com,Agender
942,Orren,Ropars,oroparsq5@earthlink.net,Genderfluid
943,Fiona,Zorzutti,fzorzuttiq6@seattletimes.com,Bigender
944,Nick,Paxforde,npaxfordeq7@cnn.com,Polygender
945,Mireielle,McCandless,mmccandlessq8@wsj.com,Genderfluid
946,Nestor,Bredgeland,nbredgelandq9@berkeley.edu,Genderqueer
947,Adolphe,Billin,abillinqa@myspace.com,Bigender
948,Chelsy,Naisey,cnaiseyqb@fc2.com,Genderqueer
949,Nealy,Foucard,nfoucardqc@ameblo.jp,Female
950,Hendrick,Christoffels,hchristoffelsqd@deliciousdays.com,Polygender
951,Crosby,Fabb,cfabbqe@ezinearticles.com,Male
952,Merrily,Cantu,mcantuqf@skyrock.com,Bigender
953,Donny,Mallam,dmallamqg@uol.com.br,Genderqueer
954,Monro,Pittel,mpittelqh@google.com.au,Female
955,Torrie,Stonhewer,tstonhewerqi@wikispaces.com,Non-binary
956,Caresa,Fishwick,cfishwickqj@jimdo.com,Genderqueer
957,Daile,Egdal,degdalqk@tiny.cc,Non-binary
958,Davin,Inde,dindeql@parallels.com,Male
959,Brooks,Claus,bclausqm@springer.com,Polygender
960,Mack,Alibone,maliboneqn@bravesites.com,Non-binary
961,Garnet,Sproat,gsproatqo@xinhuanet.com,Genderqueer
962,Casey,Waymont,cwaymontqp@sun.com,Non-binary
963,Stanwood,Nolan,snolanqq@smh.com.au,Genderqueer
964,Dael,Zoanetti,dzoanettiqr@techcrunch.com,Female
965,Pip,Trinkwon,ptrinkwonqs@harvard.edu,Non-binary
966,Xylina,Sieghart,xsieghartqt@weather.com,Non-binary
967,Eileen,Cantu,ecantuqu@wsj.com,Genderfluid
968,Davida,Stott,dstottqv@whitehouse.gov,Genderqueer
969,Nanni,Calbrathe,ncalbratheqw@pcworld.com,Agender
970,Bendix,Quadling,bquadlingqx@netlog.com,Agender
971,Tad,Van Velden,tvanveldenqy@europa.eu,Bigender
972,Dwight,Hould,dhouldqz@princeton.edu,Bigender
973,Denni,Redshaw,dredshawr0@arizona.edu,Bigender
974,Kamila,Gippes,kgippesr1@craigslist.org,Genderqueer
975,Elbert,Hay,ehayr2@wikia.com,Female
976,Elinore,Vakhrushin,evakhrushinr3@posterous.com,Bigender
977,Gardy,Skelington,gskelingtonr4@psu.edu,Agender
978,Esdras,Dollimore,edollimorer5@hexun.com,Genderqueer
979,Camilla,Stook,cstookr6@scribd.com,Genderqueer
980,Erv,Bogue,eboguer7@alexa.com,Male
981,Barclay,Bartley,bbartleyr8@comsenz.com,Polygender
982,Bernelle,Haster,bhasterr9@senate.gov,Polygender
983,Sharon,Mars,smarsra@ustream.tv,Bigender
984,Urban,Hinkley,uhinkleyrb@topsy.com,Female
985,Abie,MacCaghan,amaccaghanrc@zdnet.com,Male
986,Linoel,Marfell,lmarfellrd@rakuten.co.jp,Genderfluid
987,Ainslie,Hurdwell,ahurdwellre@jiathis.com,Bigender
988,Tybi,Sayers,tsayersrf@tripod.com,Male
989,Urban,Chang,uchangrg@oakley.com,Non-binary
990,Vanya,Pyke,vpykerh@yahoo.co.jp,Agender
991,Dierdre,Wade,dwaderi@fc2.com,Genderqueer
992,Opalina,Kimberly,okimberlyrj@engadget.com,Genderqueer
993,Nigel,Harris,nharrisrk@yelp.com,Genderqueer
994,Ericka,Bottby,ebottbyrl@hp.com,Female
995,Daune,Vagg,dvaggrm@csmonitor.com,Female
996,Farrell,Eastham,feasthamrn@boston.com,Bigender
997,Sibylla,Thompsett,sthompsettro@telegraph.co.uk,Non-binary
998,Reuben,Manoch,rmanochrp@ovh.net,Agender
999,Munroe,Thing,mthingrq@patch.com,Genderfluid
1000,Darya,Queyeiro,dqueyeirorr@photobucket.com,Polygender
